Index,uv,dv,ubar,dbar
1,0.12875588571166777,0.057686129341042135,0.053473221320903354,0.025559170407729676
2,0.3211909684524891,0.0818666578735654,0.26202377007170413,0.0672845955819436
