Index,uv,dv,ubar,dbar
1,0.5240666186939468,0.27205887882030255,0.6348992882357701,0.4254165389653516
2,0.5835999999920842,0.2337819711884456,0.6014642688608922,0.2530459779190037
