Index,uv,dv,ubar,dbar
1,1.4037005583878353,1.5510017572094839,2.4742853925765886,2.8120726083103196
2,0.5971799531007181,1.0492971337563821,0.830931905149934,1.324639884469414
